"","School","Year","SchNum","Asian","Black","Hispanic","Indian","White","FTE","Total"
"1","GRISCOM JUVENILE DETENTION CTR (1015)",2008,1015,0,46,0,0,0,NA,46
"2","BIG PICTURE ELEM. ALT. (1021)",2008,1021,0,55,0,0,3,50,58
"3","BIG PICTURE MIDDLE ALT. (1022)",2008,1022,0,58,0,0,2,44,60
"4","BIG PICTURE MIDDLE & HIGH @ NW (1023)",2008,1023,0,60,0,0,5,48,65
"5","MILLER CAREER ACADEMY (1100)",2008,1100,0,660,5,1,46,388,712
"6","GATEWAY HIGH (1220)",2008,1220,62,821,22,8,300,636,1213
"7","COMMUNITY ACCESS JOB TRAINING (1222)",2008,1222,0,124,2,0,19,103,145
"8","BEAUMONT CTE HIGH SCHOOL (1250)",2008,1250,3,1055,0,0,4,632,1062
"9","CLEVELAND NJROTC ACADEMY (1440)",2008,1440,10,227,17,2,91,194,347
"10","CARNAHAN SCH. OF THE FUTURE (1500)",2008,1500,3,172,2,0,21,143,198
"11","TRANSPORTATION AND LAW (1540)",2008,1540,0,218,0,0,2,173,220
"12","METRO HIGH (1560)",2008,1560,10,146,9,0,145,95,310
"13","MCKINLEY CLASS. LEADERSHIP AC. (1570)",2008,1570,1,9,0,0,6,7,16
"14","VASHON 9TH GRADE CTR. (1600)",2008,1600,0,212,0,0,0,172,212
"15","ROOSEVELT 9TH GRADE CTR. (1640)",2008,1640,4,354,10,0,49,317,417
"16","ROOSEVELT HIGH (1680)",2008,1680,19,838,40,1,84,444,982
"17","SOLDAN INTERNATIONAL STUDIES (1730)",2008,1730,31,445,56,0,145,457,677
"18","SUMNER HIGH (1800)",2008,1800,0,1006,4,0,6,656,1016
"19","VASHON HIGH (1830)",2008,1830,0,713,0,0,0,460,713
"20","CENTRAL VISUAL/PERF. ARTS HIGH (1860)",2008,1860,13,476,20,1,178,399,688
"21","STOWE PREPARATORY JR. HIGH (2070)",2008,2070,1,272,0,0,0,228,273
"22","YEATMAN-LIDDELL MIDDLE SCHOOL (2080)",2008,2080,0,316,0,0,1,268,317
"23","BLEWETT MIDDLE (3020)",2008,3020,0,236,0,0,0,212,236
"24","BLOW MIDDLE (3040)",2008,3040,6,158,11,0,27,147,202
"25","BUSCH MS CHARACTER & ATHLETICS (3050)",2008,3050,2,134,9,0,93,158,238
"26","CARR LANE VPA MIDDLE (3070)",2008,3070,5,384,13,4,74,374,480
"27","BUNCHE INTERNATIONAL STUDIES (3110)",2008,3110,12,159,32,0,41,185,244
"28","MCKINLEY/CLASSICAL JR. ACAD. (3130)",2008,3130,21,148,8,1,127,111,305
"29","FANNING MIDDLE COMMUNITY ED. (3140)",2008,3140,18,233,12,0,26,239,289
"30","GATEWAY MIDDLE (3230)",2008,3230,27,268,19,0,61,263,375
"31","LANGSTON MIDDLE (3240)",2008,3240,0,310,0,0,1,270,311
"32","LONG MIDDLE COMMUNITY ED. CTR. (3260)",2008,3260,15,96,34,0,149,238,294
"33","L'OUVERTURE MIDDLE (3280)",2008,3280,2,200,0,0,5,173,207
"34","NORTHWEST MIDDLE (3310)",2008,3310,0,153,0,0,0,126,153
"35","COMPTON-DREW ILC MIDDLE (3390)",2008,3390,5,316,14,3,101,336,439
"36","STEVENS MIDDLE COMMUNITY ED. (3400)",2008,3400,0,256,0,0,1,208,257
"37","ADAMS ELEM. (4000)",2008,4000,1,282,1,0,15,254,299
"38","ASHLAND ELEM. AND BR. (4060)",2008,4060,0,342,0,0,2,294,344
"39","BADEN ELEM. (4080)",2008,4080,0,287,0,0,0,228,287
"40","BRYAN HILL ELEM. (4180)",2008,4180,1,179,0,0,0,145,180
"41","BUDER ELEM. (4200)",2008,4200,11,95,20,2,234,265,362
"42","AMES VISUAL/PERF. ARTS (4250)",2008,4250,7,216,6,4,26,198,259
"43","CLARK ELEM. (4320)",2008,4320,0,179,4,1,0,138,184
"44","CLAY ELEM. (4360)",2008,4360,5,216,0,0,6,195,227
"45","COLE ELEM. (4400)",2008,4400,0,199,0,0,1,174,200
"46","COLUMBIA ELEM. COMM. ED. CTR. (4420)",2008,4420,0,193,0,0,0,117,193
"47","COTE BRILLIANTE ELEM. (4440)",2008,4440,7,253,0,0,1,212,261
"48","DEWEY SCH.-INTERNAT'L. STUDIES (4470)",2008,4470,26,263,34,7,84,260,414
"49","DUNBAR AND BR. (4480)",2008,4480,1,230,0,0,1,174,232
"50","FARRAGUT ELEM. (4580)",2008,4580,0,202,0,0,0,166,202
"51","FORD-FORD BR. ELEM. COMM. ED. (4630)",2008,4630,2,285,0,0,1,251,288
"52","FROEBEL ELEM. (4660)",2008,4660,6,240,7,0,20,212,273
"53","GALLAUDET SCH. FOR DEAF ELEM. (4720)",2008,4720,2,34,0,0,5,29,41
"54","GATEWAY ELEM. (4730)",2008,4730,14,343,22,15,70,343,464
"55","GUNDLACH ELEM. (4760)",2008,4760,0,216,0,0,0,194,216
"56","HAMILTON ELEM. COMMUNITY ED. (4780)",2008,4780,3,210,0,0,1,185,214
"57","HENRY ELEM. (4880)",2008,4880,1,185,0,0,3,159,189
"58","HICKEY ELEM. (4890)",2008,4890,3,219,0,0,3,183,225
"59","HERZOG ELEM. (4900)",2008,4900,1,245,0,0,1,217,247
"60","HODGEN ELEM. (4920)",2008,4920,1,197,2,0,1,164,201
"61","JEFFERSON ELEM. (5020)",2008,5020,1,285,0,0,0,259,286
"62","KENNARD/CLASSICAL JR. ACAD. (5030)",2008,5030,19,170,7,2,170,132,368
"63","LACLEDE ELEM. (5060)",2008,5060,1,254,0,0,3,235,258
"64","LEXINGTON ELEM. (5100)",2008,5100,0,285,0,0,0,NA,285
"65","LYON AT BLOW ELEM. (5180)",2008,5180,0,97,3,1,51,111,152
"66","MALLINCKRODT A.B.I. ELEM. (5240)",2008,5240,8,132,8,2,79,140,229
"67","MANN ELEM. (5260)",2008,5260,39,134,15,1,21,160,210
"68","MARK TWAIN ELEM. (5280)",2008,5280,0,187,0,0,0,150,187
"69","MASON ELEM. (5340)",2008,5340,14,115,23,2,149,201,303
"70","MERAMEC ELEM. (5500)",2008,5500,1,196,2,0,9,139,208
"71","ELIAS MICHAEL ELEM. (5520)",2008,5520,1,29,1,0,5,25,36
"72","MITCHELL ELEM. (5540)",2008,5540,0,239,1,0,3,223,243
"73","MONROE ELEM. (5560)",2008,5560,3,244,10,0,19,216,276
"74","MULLANPHY BOTANICAL GARDENS (5590)",2008,5590,14,257,19,2,104,262,396
"75","OAK HILL ELEM. (5600)",2008,5600,33,120,38,0,136,220,327
"76","EARL NANCE SR. ELEM. (5610)",2008,5610,0,286,0,0,0,238,286
"77","PEABODY ELEM. (5620)",2008,5620,3,278,0,0,0,209,281
"78","SCRUGGS ELEM. (5740)",2008,5740,29,196,19,0,28,184,272
"79","SHAW VISUAL/PERF. ARTS CTR. (5780)",2008,5780,2,199,12,3,96,197,312
"80","SHENANDOAH ELEM. (5800)",2008,5800,0,105,3,1,3,100,112
"81","SHEPARD ELEM. (5820)",2008,5820,0,211,2,0,16,167,229
"82","SHERMAN ELEM. COMM. ED. CTR. (5840)",2008,5840,0,167,4,0,3,157,174
"83","SIGEL ELEM. COMM. ED. CTR. (5860)",2008,5860,4,164,11,0,21,176,200
"84","SIMMONS ELEM. (5880)",2008,5880,0,219,0,0,3,189,222
"85","STIX EARLY CHILDHOOD CTR. (5930)",2008,5930,3,234,15,5,71,216,328
"86","WALBRIDGE ELEM. COMMUNITY ED. (5960)",2008,5960,0,272,1,0,3,231,276
"87","WOERNER ELEM. (5970)",2008,5970,26,81,23,0,250,293,380
"88","WASHINGTON MONTESSORI (6010)",2008,6010,9,204,28,4,40,233,285
"89","WILKINSON EARLY CHILDHOOD CTR. (6030)",2008,6030,1,87,4,0,48,87,140
"90","WOODWARD ELEM. (6120)",2008,6120,14,168,24,2,96,214,304
"91","WYMAN ELEM. (6140)",2008,6140,10,169,4,0,18,160,201
"92","CARDINAL GLENNON HOSPITAL (6280)",2008,6280,0,7,0,0,3,NA,10
"93","ST. LOUIS CHILDREN'S HOSPITAL (6340)",2008,6340,1,9,1,0,8,NA,19
"94","EXTERNAL LOCATION (9990)",2008,9990,0,0,0,0,0,NA,0
"95","VO. TECH. TUITION (9995)",2008,9995,0,0,0,0,0,NA,0
"96","GRISCOM JUVENILE DETENTION CTR (1015)",2009,1015,0,22,0,0,1,8,23
"97","BIG PICTURE ELEM. ALT. (1021)",2009,1021,0,61,0,0,2,53,63
"98","BIG PICTURE MIDDLE ALT. (1022)",2009,1022,0,62,1,0,1,45,64
"99","BIG PICTURE MIDDLE & HIGH @ NW (1023)",2009,1023,0,76,0,0,9,66,85
"100","MILLER CAREER ACADEMY (1100)",2009,1100,0,683,6,2,38,468,729
"101","GATEWAY HIGH (1220)",2009,1220,57,797,33,6,261,653,1154
"102","COMMUNITY ACCESS JOB TRAINING (1222)",2009,1222,1,111,2,0,17,104,131
"103","BEAUMONT CTE HIGH SCHOOL (1250)",2009,1250,1,893,0,0,5,512,899
"104","CLEVELAND NJROTC ACADEMY (1440)",2009,1440,7,175,17,2,67,153,268
"105","CARNAHAN SCH. OF THE FUTURE (1500)",2009,1500,5,249,5,0,31,249,290
"106","TRANSPORTATION AND LAW (1540)",2009,1540,0,284,0,0,1,220,285
"107","METRO HIGH (1560)",2009,1560,11,145,9,0,139,101,304
"108","MCKINLEY CLASS. LEADERSHIP AC. (1570)",2009,1570,3,23,1,1,17,18,45
"109","ROOSEVELT 9TH GRADE CTR. (1640)",2009,1640,5,261,3,0,39,191,308
"110","ROOSEVELT HIGH (1680)",2009,1680,37,869,40,0,111,563,1057
"111","SOLDAN INTERNATIONAL STUDIES (1730)",2009,1730,34,447,58,2,107,447,648
"112","SUMNER HIGH (1800)",2009,1800,1,940,5,0,2,584,948
"113","VASHON HIGH (1830)",2009,1830,1,815,0,0,2,600,818
"114","CENTRAL VISUAL/PERF. ARTS HIGH (1860)",2009,1860,14,560,16,2,189,494,781
"115","STOWE PREPARATORY JR. HIGH (2070)",2009,2070,0,253,0,0,0,195,253
"116","YEATMAN-LIDDELL MIDDLE SCHOOL (2080)",2009,2080,0,304,0,0,0,253,304
"117","BLEWETT MIDDLE (3020)",2009,3020,0,167,0,0,0,123,167
"118","BUSCH MS CHARACTER & ATHLETICS (3050)",2009,3050,4,154,9,0,110,185,277
"119","CARR LANE VPA MIDDLE (3070)",2009,3070,4,339,13,3,69,303,428
"120","BUNCHE INTERNATIONAL STUDIES (3110)",2009,3110,10,185,27,1,36,205,259
"121","MCKINLEY/CLASSICAL JR. ACAD. (3130)",2009,3130,24,160,9,1,139,132,333
"122","FANNING MIDDLE COMMUNITY ED. (3140)",2009,3140,13,283,11,0,26,254,333
"123","GATEWAY MIDDLE (3230)",2009,3230,27,311,16,1,71,313,426
"124","LANGSTON MIDDLE (3240)",2009,3240,1,308,0,0,1,262,310
"125","LONG MIDDLE COMMUNITY ED. CTR. (3260)",2009,3260,18,121,30,0,146,196,315
"126","L'OUVERTURE MIDDLE (3280)",2009,3280,1,219,0,0,12,183,232
"127","NORTHWEST MIDDLE (3310)",2009,3310,0,65,0,0,0,51,65
"128","COMPTON-DREW ILC MIDDLE (3390)",2009,3390,11,289,15,3,97,308,415
"129","STEVENS MIDDLE COMMUNITY ED. (3400)",2009,3400,0,270,1,0,2,217,273
"130","ADAMS ELEM. (4000)",2009,4000,1,282,1,0,19,260,303
"131","ASHLAND ELEM. AND BR. (4060)",2009,4060,0,327,0,0,2,246,329
"132","BADEN ELEM. (4080)",2009,4080,2,261,0,0,0,190,263
"133","BRYAN HILL ELEM. (4180)",2009,4180,2,165,0,0,0,134,167
"134","BUDER ELEM. (4200)",2009,4200,9,86,17,0,212,205,324
"135","AMES VISUAL/PERF. ARTS (4250)",2009,4250,6,250,3,3,24,204,286
"136","CLARK ELEM. (4320)",2009,4320,0,190,2,0,5,116,197
"137","CLAY ELEM. (4360)",2009,4360,1,176,0,0,4,159,181
"138","COLE ELEM. (4400)",2009,4400,0,165,0,0,1,133,166
"139","COLUMBIA ELEM. COMM. ED. CTR. (4420)",2009,4420,1,199,0,0,0,150,200
"140","COTE BRILLIANTE ELEM. (4440)",2009,4440,3,202,0,0,0,167,205
"141","DEWEY SCH.-INTERNAT'L. STUDIES (4470)",2009,4470,26,276,35,3,101,254,441
"142","DUNBAR AND BR. (4480)",2009,4480,0,240,0,0,1,177,241
"143","FARRAGUT ELEM. (4580)",2009,4580,0,177,0,0,1,127,178
"144","FORD-FORD BR. ELEM. COMM. ED. (4630)",2009,4630,0,290,0,0,1,243,291
"145","FROEBEL ELEM. (4660)",2009,4660,7,234,4,1,16,198,262
"146","GALLAUDET SCH. FOR DEAF ELEM. (4720)",2009,4720,0,32,1,0,8,33,41
"147","GATEWAY ELEM. (4730)",2009,4730,17,335,20,11,60,349,443
"148","HAMILTON ELEM. COMMUNITY ED. (4780)",2009,4780,3,272,2,0,1,219,278
"149","HENRY ELEM. (4880)",2009,4880,2,152,1,1,9,122,165
"150","HICKEY ELEM. (4890)",2009,4890,0,199,0,0,0,134,199
"151","HERZOG ELEM. (4900)",2009,4900,0,228,0,0,0,164,228
"152","HODGEN ELEM. (4920)",2009,4920,0,217,3,0,3,179,223
"153","JEFFERSON ELEM. (5020)",2009,5020,0,246,0,0,0,215,246
"154","KENNARD/CLASSICAL JR. ACAD. (5030)",2009,5030,14,174,3,1,158,88,350
"155","LACLEDE ELEM. (5060)",2009,5060,1,242,0,0,3,204,246
"156","LEXINGTON ELEM. (5100)",2009,5100,0,250,0,0,0,207,250
"157","LYON AT BLOW ELEM. (5180)",2009,5180,25,228,12,1,68,207,334
"158","MALLINCKRODT A.B.I. ELEM. (5240)",2009,5240,7,118,11,2,68,132,206
"159","MANN ELEM. (5260)",2009,5260,43,151,26,1,26,153,247
"160","MARK TWAIN ELEM. (5280)",2009,5280,0,215,0,0,1,166,216
"161","MASON ELEM. (5340)",2009,5340,11,101,15,0,146,164,273
"162","MERAMEC ELEM. (5500)",2009,5500,0,177,2,0,3,144,182
"163","ELIAS MICHAEL ELEM. (5520)",2009,5520,1,32,2,0,4,27,39
"164","MONROE ELEM. (5560)",2009,5560,2,147,6,0,26,132,181
"165","MULLANPHY BOTANICAL GARDENS (5590)",2009,5590,9,275,24,3,101,284,412
"166","OAK HILL ELEM. (5600)",2009,5600,30,100,44,0,116,196,290
"167","EARL NANCE SR. ELEM. (5610)",2009,5610,0,306,0,0,1,229,307
"168","PEABODY ELEM. (5620)",2009,5620,4,256,0,0,0,199,260
"169","SCRUGGS ELEM. (5740)",2009,5740,29,140,12,0,29,154,210
"170","SHAW VISUAL/PERF. ARTS CTR. (5780)",2009,5780,1,215,13,4,92,204,325
"171","SHENANDOAH ELEM. (5800)",2009,5800,3,105,1,0,6,91,115
"172","SHEPARD ELEM. (5820)",2009,5820,0,122,0,0,17,96,139
"173","SHERMAN ELEM. COMM. ED. CTR. (5840)",2009,5840,1,163,4,0,3,135,171
"174","SIGEL ELEM. COMM. ED. CTR. (5860)",2009,5860,13,200,13,1,25,202,252
"175","SIMMONS ELEM. (5880)",2009,5880,1,289,0,1,1,248,292
"176","STIX EARLY CHILDHOOD CTR. (5930)",2009,5930,8,218,13,5,63,188,307
"177","WALBRIDGE ELEM. COMMUNITY ED. (5960)",2009,5960,0,266,0,0,1,219,267
"178","WOERNER ELEM. (5970)",2009,5970,22,88,26,0,233,250,369
"179","WASHINGTON MONTESSORI (6010)",2009,6010,9,214,30,4,27,218,284
"180","WILKINSON EARLY CHILDHOOD CTR. (6030)",2009,6030,3,99,0,0,52,95,154
"181","WOODWARD ELEM. (6120)",2009,6120,7,149,27,1,99,200,283
"182","CARDINAL GLENNON HOSPITAL (6280)",2009,6280,0,0,0,0,0,NA,0
"183","ST. LOUIS CHILDREN'S HOSPITAL (6340)",2009,6340,0,0,0,0,0,NA,0
"184","EXTERNAL LOCATION (9990)",2009,9990,0,0,0,0,0,NA,0
"185","VO. TECH. TUITION (9995)",2009,9995,0,0,0,0,0,NA,0
"186","GRISCOM JUVENILE DETENTION CTR (1015)",2010,1015,1,35,0,0,0,17,36
"187","BIG PICTURE MIDDLE & HIGH @ NW (1023)",2010,1023,0,133,1,0,5,126,139
"188","MILLER CAREER ACADEMY (1100)",2010,1100,3,680,6,2,34,591,725
"189","GATEWAY HIGH (1220)",2010,1220,53,759,37,3,271,857,1123
"190","COMMUNITY ACCESS JOB TRAINING (1222)",2010,1222,1,115,2,0,23,122,141
"191","BEAUMONT CTE HIGH SCHOOL (1250)",2010,1250,0,779,1,0,2,618,782
"192","CLEVELAND NJROTC ACADEMY (1440)",2010,1440,7,177,12,2,40,196,238
"193","CARNAHAN SCH. OF THE FUTURE (1500)",2010,1500,4,346,8,1,34,335,393
"194","TRANSPORTATION AND LAW (1540)",2010,1540,0,342,0,0,2,305,344
"195","METRO HIGH (1560)",2010,1560,16,142,11,0,128,117,297
"196","MCKINLEY CLASS. LEADERSHIP AC. (1570)",2010,1570,4,33,3,0,18,33,58
"197","ROOSEVELT HIGH (1680)",2010,1680,50,979,45,1,143,889,1218
"198","SOLDAN INTERNATIONAL STUDIES (1730)",2010,1730,29,573,53,3,91,646,749
"199","SUMNER HIGH (1800)",2010,1800,4,869,3,0,2,644,878
"200","VASHON HIGH (1830)",2010,1830,1,736,1,0,1,602,739
"201","CENTRAL VISUAL/PERF. ARTS HIGH (1860)",2010,1860,13,510,22,1,148,561,694
"202","YEATMAN-LIDDELL MIDDLE SCHOOL (2080)",2010,2080,0,238,0,0,1,210,239
"203","BLEWETT MIDDLE (3020)",2010,3020,0,0,0,0,0,NA,0
"204","BUSCH MS CHARACTER & ATHLETICS (3050)",2010,3050,7,124,11,0,124,218,266
"205","CARR LANE VPA MIDDLE (3070)",2010,3070,6,416,16,4,61,426,503
"206","BUNCHE INTERNATIONAL STUDIES (3110)",2010,3110,17,223,23,1,30,265,294
"207","MCKINLEY/CLASSICAL JR. ACAD. (3130)",2010,3130,19,161,9,3,139,163,331
"208","FANNING MIDDLE COMMUNITY ED. (3140)",2010,3140,25,325,8,0,20,332,378
"209","GATEWAY MIDDLE (3230)",2010,3230,22,340,15,4,56,389,437
"210","LANGSTON MIDDLE (3240)",2010,3240,0,344,1,0,3,320,348
"211","LONG MIDDLE COMMUNITY ED. CTR. (3260)",2010,3260,24,132,36,0,144,298,336
"212","L'OUVERTURE MIDDLE (3280)",2010,3280,2,288,0,0,10,265,300
"213","COMPTON-DREW ILC MIDDLE (3390)",2010,3390,6,302,23,2,94,330,427
"214","STEVENS MIDDLE COMMUNITY ED. (3400)",2010,3400,0,247,1,0,0,227,248
"215","ADAMS ELEM. (4000)",2010,4000,1,338,0,0,11,328,350
"216","ASHLAND ELEM. AND BR. (4060)",2010,4060,0,317,0,0,1,289,318
"217","BRYAN HILL ELEM. (4180)",2010,4180,2,174,0,0,0,166,176
"218","BUDER ELEM. (4200)",2010,4200,9,92,21,0,217,295,339
"219","AMES VISUAL/PERF. ARTS (4250)",2010,4250,3,290,4,3,18,292,318
"220","CLAY ELEM. (4360)",2010,4360,1,178,0,0,4,173,183
"221","COLE ELEM. (4400)",2010,4400,0,157,0,0,1,NA,158
"222","COLUMBIA ELEM. COMM. ED. CTR. (4420)",2010,4420,1,178,0,0,0,NA,179
"223","COTE BRILLIANTE ELEM. (4440)",2010,4440,0,202,0,0,2,192,204
"224","DEWEY SCH.-INTERNAT'L. STUDIES (4470)",2010,4470,17,278,40,1,91,328,427
"225","DUNBAR AND BR. (4480)",2010,4480,1,192,0,0,0,181,193
"226","FARRAGUT ELEM. (4580)",2010,4580,1,173,0,0,0,NA,174
"227","FORD-FORD BR. ELEM. COMM. ED. (4630)",2010,4630,0,352,0,0,4,336,356
"228","FROEBEL ELEM. (4660)",2010,4660,6,297,12,0,22,306,337
"229","GALLAUDET SCH. FOR DEAF ELEM. (4720)",2010,4720,2,35,2,0,8,42,47
"230","GATEWAY ELEM. (4730)",2010,4730,14,371,14,9,54,409,462
"231","HAMILTON ELEM. COMMUNITY ED. (4780)",2010,4780,8,326,3,0,7,308,344
"232","HENRY ELEM. (4880)",2010,4880,3,208,1,1,18,203,231
"233","HICKEY ELEM. (4890)",2010,4890,0,259,0,1,0,NA,260
"234","HERZOG ELEM. (4900)",2010,4900,1,386,0,0,0,351,387
"235","HODGEN ELEM. (4920)",2010,4920,1,217,1,0,4,209,223
"236","JEFFERSON ELEM. (5020)",2010,5020,1,213,0,0,0,200,214
"237","KENNARD/CLASSICAL JR. ACAD. (5030)",2010,5030,27,154,4,0,203,126,388
"238","LACLEDE ELEM. (5060)",2010,5060,0,255,0,0,1,NA,256
"239","LEXINGTON ELEM. (5100)",2010,5100,2,251,0,0,1,236,254
"240","LYON AT BLOW ELEM. (5180)",2010,5180,8,216,26,1,91,294,342
"241","MALLINCKRODT A.B.I. ELEM. (5240)",2010,5240,6,101,19,2,59,159,187
"242","MANN ELEM. (5260)",2010,5260,46,143,18,0,36,228,243
"243","MASON ELEM. (5340)",2010,5340,17,89,15,0,143,219,264
"244","MERAMEC ELEM. (5500)",2010,5500,3,195,2,0,11,194,211
"245","ELIAS MICHAEL ELEM. (5520)",2010,5520,0,40,2,0,3,36,45
"246","MONROE ELEM. (5560)",2010,5560,3,196,3,0,17,207,219
"247","MULLANPHY BOTANICAL GARDENS (5590)",2010,5590,13,299,25,2,77,337,416
"248","OAK HILL ELEM. (5600)",2010,5600,49,134,47,0,117,318,347
"249","EARL NANCE SR. ELEM. (5610)",2010,5610,0,358,0,1,0,316,359
"250","PEABODY ELEM. (5620)",2010,5620,3,268,0,0,1,NA,272
"251","SHAW VISUAL/PERF. ARTS CTR. (5780)",2010,5780,0,220,17,4,82,268,323
"252","SHENANDOAH ELEM. (5800)",2010,5800,4,118,0,0,0,114,122
"253","SHERMAN ELEM. COMM. ED. CTR. (5840)",2010,5840,1,135,1,0,6,NA,143
"254","SIGEL ELEM. COMM. ED. CTR. (5860)",2010,5860,5,199,10,0,27,215,241
"255","STIX EARLY CHILDHOOD CTR. (5930)",2010,5930,9,234,11,3,51,235,308
"256","WALBRIDGE ELEM. COMMUNITY ED. (5960)",2010,5960,0,377,1,0,1,354,379
"257","WOERNER ELEM. (5970)",2010,5970,26,89,24,1,262,347,402
"258","WASHINGTON MONTESSORI (6010)",2010,6010,5,260,22,5,32,282,324
"259","WILKINSON EARLY CHILDHOOD CTR. (6030)",2010,6030,3,89,1,1,43,101,137
"260","WOODWARD ELEM. (6120)",2010,6120,17,184,42,1,78,298,322
"261","CARDINAL GLENNON HOSPITAL (6280)",2010,6280,0,0,0,0,0,NA,0
"262","ST. LOUIS CHILDREN'S HOSPITAL (6340)",2010,6340,0,1,0,0,0,NA,1
"263","EXTERNAL LOCATION (9990)",2010,9990,0,0,0,0,0,NA,0
"264","VO. TECH. TUITION (9995)",2010,9995,0,0,0,0,0,NA,0
"265","GRISCOM JUVENILE DETENTION CTR (1015)",2011,1015,1,41,0,0,1,28,43
"266","BIG PICTURE MIDDLE & HIGH @ NW (1023)",2011,1023,0,114,1,0,6,103,121
"267","MILLER CAREER ACADEMY (1100)",2011,1100,5,665,8,1,24,574,703
"268","GATEWAY HIGH (1220)",2011,1220,72,726,47,3,317,877,1165
"269","COMMUNITY ACCESS JOB TRAINING (1222)",2011,1222,4,109,2,0,16,119,131
"270","BEAUMONT CTE HIGH SCHOOL (1250)",2011,1250,0,713,0,0,1,551,714
"271","CLEVELAND NJROTC ACADEMY (1440)",2011,1440,7,189,16,3,42,213,257
"272","CARNAHAN SCH. OF THE FUTURE (1500)",2011,1500,3,311,8,0,32,296,354
"273","TRANSPORTATION AND LAW (1540)",2011,1540,0,314,0,0,4,275,318
"274","METRO HIGH (1560)",2011,1560,18,133,15,0,125,99,291
"275","MCKINLEY CLASS. LEADERSHIP AC. (1570)",2011,1570,26,207,14,3,180,190,430
"276","ROOSEVELT HIGH (1680)",2011,1680,74,770,54,0,105,778,1003
"277","SOLDAN INTERNATIONAL STUDIES (1730)",2011,1730,22,531,45,3,75,585,676
"278","SUMNER HIGH (1800)",2011,1800,2,583,1,0,0,513,586
"279","VASHON HIGH (1830)",2011,1830,1,651,0,0,6,590,658
"280","CENTRAL VISUAL/PERF. ARTS HIGH (1860)",2011,1860,13,378,17,0,114,436,522
"281","YEATMAN-LIDDELL MIDDLE SCHOOL (2080)",2011,2080,0,266,0,0,1,248,267
"282","BLEWETT MIDDLE (3020)",2011,3020,0,0,0,0,0,NA,0
"283","BUSCH MS CHARACTER & ATHLETICS (3050)",2011,3050,11,151,12,0,133,257,307
"284","CARR LANE VPA MIDDLE (3070)",2011,3070,3,478,14,2,54,479,551
"285","BUNCHE INTERNATIONAL STUDIES (3110)",2011,3110,11,138,15,0,14,168,178
"286","FANNING MIDDLE COMMUNITY ED. (3140)",2011,3140,25,293,14,0,21,330,353
"287","GATEWAY MIDDLE (3230)",2011,3230,18,380,15,3,48,408,464
"288","LANGSTON MIDDLE (3240)",2011,3240,1,293,0,0,5,NA,299
"289","LONG MIDDLE COMMUNITY ED. CTR. (3260)",2011,3260,26,129,30,0,133,273,318
"290","L'OUVERTURE MIDDLE (3280)",2011,3280,3,249,0,0,6,238,258
"291","COMPTON-DREW ILC MIDDLE (3390)",2011,3390,8,358,20,4,80,367,470
"292","STEVENS MIDDLE COMMUNITY ED. (3400)",2011,3400,0,173,1,0,0,NA,174
"293","ADAMS ELEM. (4000)",2011,4000,0,284,0,0,7,NA,291
"294","ASHLAND ELEM. AND BR. (4060)",2011,4060,0,291,0,0,0,NA,291
"295","BRYAN HILL ELEM. (4180)",2011,4180,1,162,0,0,2,NA,165
"296","BUDER ELEM. (4200)",2011,4200,6,71,27,0,223,289,327
"297","AMES VISUAL/PERF. ARTS (4250)",2011,4250,2,325,4,1,15,315,347
"298","CLAY ELEM. (4360)",2011,4360,0,151,0,0,1,NA,152
"299","COLE ELEM. (4400)",2011,4400,0,156,0,0,0,NA,156
"300","COLUMBIA ELEM. COMM. ED. CTR. (4420)",2011,4420,0,184,1,0,0,171,185
"301","COTE BRILLIANTE ELEM. (4440)",2011,4440,1,174,0,0,3,NA,178
"302","DEWEY SCH.-INTERNAT'L. STUDIES (4470)",2011,4470,12,288,51,2,73,343,426
"303","DUNBAR AND BR. (4480)",2011,4480,0,188,0,0,0,NA,188
"304","FARRAGUT ELEM. (4580)",2011,4580,1,170,0,0,0,NA,171
"305","FORD-FORD BR. ELEM. COMM. ED. (4630)",2011,4630,0,281,0,0,8,NA,289
"306","FROEBEL ELEM. (4660)",2011,4660,11,264,7,0,18,NA,300
"307","GALLAUDET SCH. FOR DEAF ELEM. (4720)",2011,4720,0,0,0,0,0,NA,0
"308","GATEWAY ELEM. (4730)",2011,4730,9,376,12,5,34,385,436
"309","HAMILTON ELEM. COMMUNITY ED. (4780)",2011,4780,5,285,4,0,3,NA,297
"310","HENRY ELEM. (4880)",2011,4880,3,270,0,0,7,NA,280
"311","HICKEY ELEM. (4890)",2011,4890,1,214,0,1,1,NA,217
"312","HERZOG ELEM. (4900)",2011,4900,0,352,0,0,1,332,353
"313","HODGEN ELEM. (4920)",2011,4920,3,234,2,0,5,230,244
"314","JEFFERSON ELEM. (5020)",2011,5020,0,197,0,0,0,187,197
"315","KENNARD/CLASSICAL JR. ACAD. (5030)",2011,5030,26,122,5,0,195,84,348
"316","LACLEDE ELEM. (5060)",2011,5060,0,244,1,0,0,NA,245
"317","LEXINGTON ELEM. (5100)",2011,5100,0,214,0,0,0,NA,214
"318","LYON AT BLOW ELEM. (5180)",2011,5180,2,261,24,1,96,360,384
"319","MALLINCKRODT A.B.I. ELEM. (5240)",2011,5240,6,95,19,2,56,148,178
"320","MANN ELEM. (5260)",2011,5260,30,137,16,1,23,196,207
"321","MASON ELEM. (5340)",2011,5340,17,110,25,1,153,279,306
"322","MERAMEC ELEM. (5500)",2011,5500,10,204,5,0,7,NA,226
"323","ELIAS MICHAEL ELEM. (5520)",2011,5520,0,38,3,0,3,39,44
"324","MONROE ELEM. (5560)",2011,5560,2,208,4,0,22,NA,236
"325","MULLANPHY BOTANICAL GARDENS (5590)",2011,5590,10,279,16,2,57,301,364
"326","OAK HILL ELEM. (5600)",2011,5600,53,152,50,0,113,346,368
"327","EARL NANCE SR. ELEM. (5610)",2011,5610,0,399,0,0,1,346,400
"328","PEABODY ELEM. (5620)",2011,5620,2,312,0,0,0,NA,314
"329","SHAW VISUAL/PERF. ARTS CTR. (5780)",2011,5780,0,224,18,3,73,275,318
"330","SHENANDOAH ELEM. (5800)",2011,5800,5,123,0,0,1,122,129
"331","SHERMAN ELEM. COMM. ED. CTR. (5840)",2011,5840,1,121,1,0,2,117,125
"332","SIGEL ELEM. COMM. ED. CTR. (5860)",2011,5860,3,217,9,0,27,NA,256
"333","STIX EARLY CHILDHOOD CTR. (5930)",2011,5930,7,286,11,3,60,275,367
"334","WALBRIDGE ELEM. COMMUNITY ED. (5960)",2011,5960,0,335,0,0,0,NA,335
"335","WOERNER ELEM. (5970)",2011,5970,30,88,19,0,221,318,358
"336","WASHINGTON MONTESSORI (6010)",2011,6010,6,278,19,7,22,303,332
"337","WILKINSON EARLY CHILDHOOD CTR. (6030)",2011,6030,2,87,1,1,27,93,118
"338","WOODWARD ELEM. (6120)",2011,6120,18,163,36,2,70,269,289
"339","CARDINAL GLENNON HOSPITAL (6280)",2011,6280,0,0,0,0,0,NA,0
"340","ST. LOUIS CHILDREN'S HOSPITAL (6340)",2011,6340,0,12,0,0,2,10,14
"341","EXTERNAL LOCATION (9990)",2011,9990,0,0,0,0,0,NA,0
"342","VO. TECH. TUITION (9995)",2011,9995,0,0,0,0,0,NA,0
"343","MILLER CAREER ACADEMY (1100)",2012,1100,5,762,7,2,31,657,807
"344","GATEWAY HIGH (1220)",2012,1220,94,731,58,2,316,1010,1200
"345","COMMUNITY ACCESS JOB TRAINING (1222)",2012,1222,3,99,1,0,20,108,123
"346","BEAUMONT CTE HIGH SCHOOL (1250)",2012,1250,0,334,0,0,1,281,335
"347","CLEVELAND NJROTC ACADEMY (1440)",2012,1440,11,184,17,2,46,230,260
"348","CARNAHAN SCH. OF THE FUTURE (1500)",2012,1500,2,325,11,0,38,336,376
"349","TRANSPORTATION AND LAW (1540)",2012,1540,0,293,1,0,4,277,298
"350","METRO HIGH (1560)",2012,1560,27,144,15,1,137,138,324
"351","MCKINLEY CLASS. LEADERSHIP AC. (1570)",2012,1570,16,196,14,3,173,177,402
"352","ROOSEVELT HIGH (1680)",2012,1680,50,673,42,1,113,708,879
"353","SOLDAN INTERNATIONAL STUDIES (1730)",2012,1730,41,491,36,3,53,548,624
"354","SUMNER HIGH (1800)",2012,1800,0,520,1,0,0,462,521
"355","VASHON HIGH (1830)",2012,1830,3,814,1,0,10,735,828
"356","CENTRAL VISUAL/PERF. ARTS HIGH (1860)",2012,1860,9,308,10,1,95,331,423
"357","YEATMAN-LIDDELL MIDDLE SCHOOL (2080)",2012,2080,0,352,0,0,2,NA,354
"358","BLEWETT MIDDLE (3020)",2012,3020,0,0,0,0,0,NA,0
"359","BUSCH MS CHARACTER & ATHLETICS (3050)",2012,3050,10,155,28,1,152,289,346
"360","CARR LANE VPA MIDDLE (3070)",2012,3070,4,457,17,4,34,455,516
"361","FANNING MIDDLE COMMUNITY ED. (3140)",2012,3140,23,311,21,0,19,NA,374
"362","GATEWAY MIDDLE (3230)",2012,3230,20,392,24,4,41,436,481
"363","LANGSTON MIDDLE (3240)",2012,3240,3,290,4,0,1,NA,298
"364","LONG MIDDLE COMMUNITY ED. CTR. (3260)",2012,3260,27,117,19,0,112,260,275
"365","L'OUVERTURE MIDDLE (3280)",2012,3280,2,226,0,0,10,221,238
"366","COMPTON-DREW ILC MIDDLE (3390)",2012,3390,14,409,30,3,75,433,531
"367","STEVENS MIDDLE COMMUNITY ED. (3400)",2012,3400,0,0,0,0,0,NA,0
"368","ADAMS ELEM. (4000)",2012,4000,0,273,2,0,8,NA,283
"369","ASHLAND ELEM. AND BR. (4060)",2012,4060,0,257,0,0,0,NA,257
"370","BRYAN HILL ELEM. (4180)",2012,4180,0,167,0,0,1,NA,168
"371","BUDER ELEM. (4200)",2012,4200,11,79,25,0,230,290,345
"372","AMES VISUAL/PERF. ARTS (4250)",2012,4250,0,326,2,1,13,320,342
"373","CLAY ELEM. (4360)",2012,4360,0,121,0,0,4,NA,125
"374","COLE ELEM. (4400)",2012,4400,2,210,0,0,2,199,214
"375","COLUMBIA ELEM. COMM. ED. CTR. (4420)",2012,4420,0,174,0,0,0,NA,174
"376","COTE BRILLIANTE ELEM. (4440)",2012,4440,0,159,4,0,3,NA,166
"377","DEWEY SCH.-INTERNAT'L. STUDIES (4470)",2012,4470,5,300,45,3,58,358,411
"378","DUNBAR AND BR. (4480)",2012,4480,0,198,0,0,0,NA,198
"379","FARRAGUT ELEM. (4580)",2012,4580,0,166,0,0,0,NA,166
"380","FORD-FORD BR. ELEM. COMM. ED. (4630)",2012,4630,0,213,0,0,1,NA,214
"381","FROEBEL ELEM. (4660)",2012,4660,12,253,3,2,15,NA,285
"382","GATEWAY ELEM. (4730)",2012,4730,9,456,17,1,26,463,509
"383","HAMILTON ELEM. COMMUNITY ED. (4780)",2012,4780,3,224,2,0,2,NA,231
"384","HENRY ELEM. (4880)",2012,4880,5,205,0,0,2,NA,212
"385","HICKEY ELEM. (4890)",2012,4890,0,206,0,0,1,NA,207
"386","HERZOG ELEM. (4900)",2012,4900,0,367,0,0,2,NA,369
"387","HODGEN ELEM. (4920)",2012,4920,4,222,1,1,5,NA,233
"388","HUMBOLDT ACAD OF HIGHER LRNING (4960)",2012,4960,0,139,3,0,24,136,166
"389","JEFFERSON ELEM. (5020)",2012,5020,0,202,0,0,0,NA,202
"390","KENNARD/CLASSICAL JR. ACAD. (5030)",2012,5030,22,103,5,1,181,84,312
"391","LACLEDE ELEM. (5060)",2012,5060,0,182,1,0,0,NA,183
"392","LEXINGTON ELEM. (5100)",2012,5100,0,253,0,1,1,NA,255
"393","LYON AT BLOW ELEM. (5180)",2012,5180,2,282,17,0,105,NA,406
"394","MALLINCKRODT A.B.I. ELEM. (5240)",2012,5240,8,89,18,1,77,128,193
"395","MANN ELEM. (5260)",2012,5260,38,139,14,1,28,NA,220
"396","MASON ELEM. (5340)",2012,5340,21,126,27,3,149,265,326
"397","MERAMEC ELEM. (5500)",2012,5500,3,181,5,0,19,NA,208
"398","ELIAS MICHAEL ELEM. (5520)",2012,5520,1,44,3,0,6,48,54
"399","MONROE ELEM. (5560)",2012,5560,2,221,1,0,18,NA,242
"400","MULLANPHY BOTANICAL GARDENS (5590)",2012,5590,10,279,22,2,42,311,355
"401","OAK HILL ELEM. (5600)",2012,5600,48,148,54,0,102,NA,352
"402","EARL NANCE SR. ELEM. (5610)",2012,5610,0,354,0,0,1,333,355
"403","PEABODY ELEM. (5620)",2012,5620,0,258,0,0,0,NA,258
"404","SHAW VISUAL/PERF. ARTS CTR. (5780)",2012,5780,3,265,15,2,64,307,349
"405","SHENANDOAH ELEM. (5800)",2012,5800,6,128,2,0,5,133,141
"406","SHERMAN ELEM. COMM. ED. CTR. (5840)",2012,5840,0,121,0,0,3,NA,124
"407","SIGEL ELEM. COMM. ED. CTR. (5860)",2012,5860,4,229,10,0,19,NA,262
"408","STIX EARLY CHILDHOOD CTR. (5930)",2012,5930,9,276,11,1,43,285,340
"409","WALBRIDGE ELEM. COMMUNITY ED. (5960)",2012,5960,0,204,0,0,2,NA,206
"410","WOERNER ELEM. (5970)",2012,5970,35,88,20,0,219,315,362
"411","WASHINGTON MONTESSORI (6010)",2012,6010,2,292,13,5,15,289,327
"412","WILKINSON EARLY CHILDHOOD CTR. (6030)",2012,6030,1,75,2,0,39,76,117
"413","WOODWARD ELEM. (6120)",2012,6120,22,160,37,3,46,NA,268
"414","CARDINAL GLENNON HOSPITAL (6280)",2012,6280,0,0,0,0,0,NA,0
"415","ST. LOUIS CHILDREN'S HOSPITAL (6340)",2012,6340,0,9,0,0,2,8,11
"416","EXTERNAL LOCATION (9990)",2012,9990,0,0,0,0,0,NA,0
"417","VO. TECH. TUITION (9995)",2012,9995,0,0,0,0,0,NA,0
"418","MILLER CAREER ACADEMY (1100)",2013,1100,4,752,8,2,22,672,788
"419","GATEWAY HIGH (1220)",2013,1220,104,705,69,4,295,964,1177
"420","COMMUNITY ACCESS JOB TRAINING (1222)",2013,1222,3,104,4,0,21,111,132
"421","BEAUMONT CTE HIGH SCHOOL (1250)",2013,1250,0,151,0,0,1,140,152
"422","CLEVELAND NJROTC ACADEMY (1440)",2013,1440,10,208,16,1,44,238,279
"423","CARNAHAN SCH. OF THE FUTURE (1500)",2013,1500,1,302,13,1,27,288,344
"424","TRANSPORTATION AND LAW (1540)",2013,1540,1,264,1,0,3,NA,269
"425","THE COLLEGE PREPARATORY HIGH (1550)",2013,1550,0,434,0,0,3,410,437
"426","METRO HIGH (1560)",2013,1560,30,143,17,1,125,131,316
"427","MCKINLEY CLASS. LEADERSHIP AC. (1570)",2013,1570,30,197,20,0,164,196,411
"428","ROOSEVELT HIGH (1680)",2013,1680,61,674,46,1,124,776,906
"429","SOLDAN INTERNATIONAL STUDIES (1730)",2013,1730,31,469,22,0,31,488,553
"430","SUMNER HIGH (1800)",2013,1800,3,565,4,0,4,516,576
"431","VASHON HIGH (1830)",2013,1830,2,887,3,0,8,795,900
"432","CENTRAL VISUAL/PERF. ARTS HIGH (1860)",2013,1860,6,296,7,1,78,307,388
"433","YEATMAN-LIDDELL MIDDLE SCHOOL (2080)",2013,2080,0,388,0,0,3,NA,391
"434","BUSCH MS CHARACTER & ATHLETICS (3050)",2013,3050,12,146,32,1,162,295,353
"435","CARR LANE VPA MIDDLE (3070)",2013,3070,7,502,15,5,30,NA,559
"436","FANNING MIDDLE COMMUNITY ED. (3140)",2013,3140,22,288,10,0,20,NA,340
"437","GATEWAY MIDDLE (3230)",2013,3230,23,474,27,2,43,520,569
"438","LANGSTON MIDDLE (3240)",2013,3240,2,300,0,1,1,NA,304
"439","ACAD OF ENVT SCI/MATH MIDDLE (3250)",2013,3250,0,405,1,2,1,NA,409
"440","LONG MIDDLE COMMUNITY ED. CTR. (3260)",2013,3260,25,121,18,0,94,239,258
"441","L'OUVERTURE MIDDLE (3280)",2013,3280,2,196,1,0,5,NA,204
"442","COMPTON-DREW ILC MIDDLE (3390)",2013,3390,18,417,26,7,67,441,535
"443","STEVENS MIDDLE COMMUNITY ED. (3400)",2013,3400,0,0,0,0,0,NA,0
"444","ADAMS ELEM. (4000)",2013,4000,0,272,0,0,7,NA,279
"445","ASHLAND ELEM. AND BR. (4060)",2013,4060,0,334,0,0,2,NA,336
"446","BRYAN HILL ELEM. (4180)",2013,4180,0,184,0,0,3,NA,187
"447","BUDER ELEM. (4200)",2013,4200,8,89,16,0,236,301,349
"448","AMES VISUAL/PERF. ARTS (4250)",2013,4250,0,401,1,1,13,NA,416
"449","CLAY ELEM. (4360)",2013,4360,0,135,0,0,4,NA,139
"450","COLE ELEM. (4400)",2013,4400,1,295,1,0,2,278,299
"451","COLUMBIA ELEM. COMM. ED. CTR. (4420)",2013,4420,0,198,0,0,0,NA,198
"452","COTE BRILLIANTE ELEM. (4440)",2013,4440,0,174,1,0,0,NA,175
"453","DEWEY SCH.-INTERNAT'L. STUDIES (4470)",2013,4470,2,311,49,4,52,363,418
"454","DUNBAR AND BR. (4480)",2013,4480,0,202,0,0,0,NA,202
"455","FARRAGUT ELEM. (4580)",2013,4580,0,177,0,0,0,NA,177
"456","FORD-FORD BR. ELEM. COMM. ED. (4630)",2013,4630,1,206,0,0,0,NA,207
"457","FROEBEL ELEM. (4660)",2013,4660,16,285,6,2,17,NA,326
"458","GATEWAY ELEM. (4730)",2013,4730,5,511,16,1,12,507,545
"459","HAMILTON ELEM. COMMUNITY ED. (4780)",2013,4780,2,314,6,0,1,NA,323
"460","HENRY ELEM. (4880)",2013,4880,2,210,1,0,2,NA,215
"461","HICKEY ELEM. (4890)",2013,4890,1,185,0,0,1,NA,187
"462","HERZOG ELEM. (4900)",2013,4900,0,371,0,0,1,NA,372
"463","HODGEN ELEM. (4920)",2013,4920,7,242,0,1,7,242,257
"464","HUMBOLDT ACAD OF HIGHER LRNING (4960)",2013,4960,2,243,6,0,29,235,280
"465","ACAD OF ENVT SCI/MATH ELEM (4990)",2013,4990,2,767,6,2,9,NA,786
"466","JEFFERSON ELEM. (5020)",2013,5020,0,214,0,0,3,NA,217
"467","KENNARD/CLASSICAL JR. ACAD. (5030)",2013,5030,21,125,4,1,193,93,344
"468","LACLEDE ELEM. (5060)",2013,5060,0,211,1,0,0,NA,212
"469","LEXINGTON ELEM. (5100)",2013,5100,0,255,0,0,1,NA,256
"470","LYON AT BLOW ELEM. (5180)",2013,5180,4,261,12,0,75,331,352
"471","MALLINCKRODT A.B.I. ELEM. (5240)",2013,5240,8,130,15,1,99,143,253
"472","MANN ELEM. (5260)",2013,5260,37,139,23,0,23,NA,222
"473","MASON ELEM. (5340)",2013,5340,13,175,33,3,163,321,387
"474","MERAMEC ELEM. (5500)",2013,5500,10,221,3,0,17,NA,251
"475","ELIAS MICHAEL ELEM. (5520)",2013,5520,1,39,4,0,6,45,50
"476","MONROE ELEM. (5560)",2013,5560,1,279,3,0,28,NA,311
"477","MULLANPHY BOTANICAL GARDENS (5590)",2013,5590,7,337,32,0,42,369,418
"478","OAK HILL ELEM. (5600)",2013,5600,50,177,51,0,84,NA,362
"479","EARL NANCE SR. ELEM. (5610)",2013,5610,0,360,0,0,1,NA,361
"480","PEABODY ELEM. (5620)",2013,5620,0,293,0,0,0,NA,293
"481","SHAW VISUAL/PERF. ARTS CTR. (5780)",2013,5780,5,305,15,2,58,341,385
"482","SHENANDOAH ELEM. (5800)",2013,5800,5,141,4,0,8,148,158
"483","SHERMAN ELEM. COMM. ED. CTR. (5840)",2013,5840,0,142,6,0,9,NA,157
"484","SIGEL ELEM. COMM. ED. CTR. (5860)",2013,5860,2,229,8,0,11,NA,250
"485","STIX EARLY CHILDHOOD CTR. (5930)",2013,5930,7,302,10,1,30,282,350
"486","WALBRIDGE ELEM. COMMUNITY ED. (5960)",2013,5960,0,227,0,0,1,212,228
"487","WOERNER ELEM. (5970)",2013,5970,39,85,27,0,215,308,366
"488","WASHINGTON MONTESSORI (6010)",2013,6010,1,296,9,7,8,299,321
"489","WILKINSON EARLY CHILDHOOD CTR. (6030)",2013,6030,0,130,4,1,64,136,199
"490","WOODWARD ELEM. (6120)",2013,6120,17,165,39,1,43,NA,265
"491","CARDINAL GLENNON HOSPITAL (6280)",2013,6280,0,0,0,0,0,NA,0
"492","ST. LOUIS CHILDREN'S HOSPITAL (6340)",2013,6340,0,6,0,0,3,8,9
"493","EXTERNAL LOCATION (9990)",2013,9990,0,0,0,0,0,NA,0
"494","VO. TECH. TUITION (9995)",2013,9995,0,0,0,0,0,NA,0
"495","MILLER CAREER ACADEMY (1100)",2014,1100,1,679,6,1,23,599,710
"496","GATEWAY HIGH (1220)",2014,1220,104,687,85,3,279,928,1158
"497","COMMUNITY ACCESS JOB TRAINING (1222)",2014,1222,3,82,3,0,31,104,119
"498","BEAUMONT CTE HIGH SCHOOL (1250)",2014,1250,0,63,0,0,0,52,63
"499","CLEVELAND NJROTC ACADEMY (1440)",2014,1440,8,220,16,2,53,242,299
"500","CARNAHAN SCH. OF THE FUTURE (1500)",2014,1500,1,324,15,1,33,318,374
"501","COLLEGIATE SCHOOL OF MED/BIO (1510)",2014,1510,15,27,1,0,18,29,61
"502","TRANSPORTATION AND LAW (1540)",2014,1540,0,352,1,0,4,NA,357
"503","THE COLLEGE PREPARATORY HIGH (1550)",2014,1550,0,375,0,0,0,NA,375
"504","METRO HIGH (1560)",2014,1560,38,154,16,2,125,141,335
"505","MCKINLEY CLASS. LEADERSHIP AC. (1570)",2014,1570,34,234,20,1,185,229,474
"506","ROOSEVELT HIGH (1680)",2014,1680,63,574,42,0,97,669,776
"507","SOLDAN INTERNATIONAL STUDIES (1730)",2014,1730,29,483,27,1,19,515,559
"508","SUMNER HIGH (1800)",2014,1800,1,574,2,0,2,543,579
"509","VASHON HIGH (1830)",2014,1830,1,856,1,0,6,794,864
"510","CENTRAL VISUAL/PERF. ARTS HIGH (1860)",2014,1860,3,332,7,2,58,343,402
"511","YEATMAN-LIDDELL MIDDLE SCHOOL (2080)",2014,2080,0,420,0,0,1,399,421
"512","BUSCH MS CHARACTER & ATHLETICS (3050)",2014,3050,16,128,30,2,154,276,330
"513","CARR LANE VPA MIDDLE (3070)",2014,3070,4,562,13,3,28,568,610
"514","FANNING MIDDLE COMMUNITY ED. (3140)",2014,3140,26,334,14,0,15,NA,389
"515","GATEWAY MIDDLE (3230)",2014,3230,22,520,15,4,31,545,592
"516","LANGSTON MIDDLE (3240)",2014,3240,1,274,1,1,1,NA,278
"517","ACAD OF ENVT SCI/MATH MIDDLE (3250)",2014,3250,0,304,0,1,1,NA,306
"518","LONG MIDDLE COMMUNITY ED. CTR. (3260)",2014,3260,28,101,19,0,97,221,245
"519","L'OUVERTURE MIDDLE (3280)",2014,3280,0,0,0,0,0,NA,0
"520","COMPTON-DREW ILC MIDDLE (3390)",2014,3390,12,421,30,5,54,452,522
"521","STEVENS MIDDLE COMMUNITY ED. (3400)",2014,3400,0,0,0,0,0,NA,0
"522","ADAMS ELEM. (4000)",2014,4000,1,300,0,0,13,NA,314
"523","ASHLAND ELEM. AND BR. (4060)",2014,4060,0,341,0,0,0,NA,341
"524","BRYAN HILL ELEM. (4180)",2014,4180,0,168,0,0,2,NA,170
"525","BUDER ELEM. (4200)",2014,4200,7,97,18,1,192,278,315
"526","AMES VISUAL/PERF. ARTS (4250)",2014,4250,0,355,3,1,5,342,364
"527","CLAY ELEM. (4360)",2014,4360,0,144,0,0,1,NA,145
"528","COLE ELEM. (4400)",2014,4400,1,333,1,0,4,NA,339
"529","COLUMBIA ELEM. COMM. ED. CTR. (4420)",2014,4420,1,220,0,0,0,207,221
"530","COTE BRILLIANTE ELEM. (4440)",2014,4440,0,214,0,0,2,NA,216
"531","DEWEY SCH.-INTERNAT'L. STUDIES (4470)",2014,4470,2,295,41,1,39,331,378
"532","DUNBAR AND BR. (4480)",2014,4480,0,203,0,0,0,NA,203
"533","FARRAGUT ELEM. (4580)",2014,4580,0,185,0,0,0,172,185
"534","FORD-FORD BR. ELEM. COMM. ED. (4630)",2014,4630,1,247,1,0,0,NA,249
"535","FROEBEL ELEM. (4660)",2014,4660,12,324,3,2,9,NA,350
"536","GATEWAY ELEM. (4730)",2014,4730,3,509,15,0,13,504,540
"537","HAMILTON ELEM. COMMUNITY ED. (4780)",2014,4780,3,361,2,0,0,NA,366
"538","HENRY ELEM. (4880)",2014,4880,2,178,0,0,1,NA,181
"539","HICKEY ELEM. (4890)",2014,4890,0,212,0,0,0,NA,212
"540","HERZOG ELEM. (4900)",2014,4900,0,388,0,0,1,369,389
"541","HODGEN ELEM. (4920)",2014,4920,5,269,2,1,3,NA,280
"542","HUMBOLDT ACAD OF HIGHER LRNING (4960)",2014,4960,2,266,5,0,25,265,298
"543","ACAD OF ENVT SCI/MATH ELEM (4990)",2014,4990,1,498,4,0,2,NA,505
"544","JEFFERSON ELEM. (5020)",2014,5020,0,207,3,0,4,NA,214
"545","KENNARD/CLASSICAL JR. ACAD. (5030)",2014,5030,31,116,5,1,216,96,369
"546","LACLEDE ELEM. (5060)",2014,5060,0,245,1,2,0,NA,248
"547","LEXINGTON ELEM. (5100)",2014,5100,0,321,0,0,0,NA,321
"548","LYON AT BLOW ELEM. (5180)",2014,5180,3,314,11,0,61,NA,389
"549","MALLINCKRODT A.B.I. ELEM. (5240)",2014,5240,5,114,12,0,119,108,250
"550","MANN ELEM. (5260)",2014,5260,35,185,26,0,28,NA,274
"551","MASON ELEM. (5340)",2014,5340,12,166,53,3,159,330,393
"552","MERAMEC ELEM. (5500)",2014,5500,12,189,3,0,26,NA,230
"553","ELIAS MICHAEL ELEM. (5520)",2014,5520,1,47,5,0,5,53,58
"554","MONROE ELEM. (5560)",2014,5560,0,287,1,0,22,NA,310
"555","MULLANPHY BOTANICAL GARDENS (5590)",2014,5590,11,320,37,0,35,375,403
"556","OAK HILL ELEM. (5600)",2014,5600,40,165,48,0,71,NA,324
"557","EARL NANCE SR. ELEM. (5610)",2014,5610,0,382,0,0,1,361,383
"558","PEABODY ELEM. (5620)",2014,5620,0,306,0,0,1,NA,307
"559","SHAW VISUAL/PERF. ARTS CTR. (5780)",2014,5780,3,306,12,2,49,328,372
"560","SHENANDOAH ELEM. (5800)",2014,5800,5,153,1,0,11,NA,170
"561","SHERMAN ELEM. COMM. ED. CTR. (5840)",2014,5840,0,0,0,0,0,NA,0
"562","SIGEL ELEM. COMM. ED. CTR. (5860)",2014,5860,0,252,9,0,16,NA,277
"563","STIX EARLY CHILDHOOD CTR. (5930)",2014,5930,9,294,8,1,30,272,342
"564","WALBRIDGE ELEM. COMMUNITY ED. (5960)",2014,5960,0,226,0,1,0,NA,227
"565","WOERNER ELEM. (5970)",2014,5970,35,90,31,0,208,325,364
"566","WASHINGTON MONTESSORI (6010)",2014,6010,2,307,4,6,5,294,324
"567","WILKINSON EARLY CHILDHOOD CTR. (6030)",2014,6030,1,141,6,1,55,148,204
"568","WOODWARD ELEM. (6120)",2014,6120,21,237,38,0,49,NA,345
"569","CARDINAL GLENNON HOSPITAL (6280)",2014,6280,0,0,0,0,0,NA,0
"570","ST. LOUIS CHILDREN'S HOSPITAL (6340)",2014,6340,0,11,0,0,1,NA,12
"571","EXTERNAL LOCATION (9990)",2014,9990,0,0,0,0,0,NA,0
"572","VO. TECH. TUITION (9995)",2014,9995,0,0,0,0,0,NA,0
"573","GRISCOM JUVENILE DETENTION CTR (1015)",2015,1015,0,11,0,0,1,NA,12
"574","MILLER CAREER ACADEMY (1100)",2015,1100,1,655,2,1,26,NA,685
"575","GATEWAY HIGH (1220)",2015,1220,98,668,90,3,263,NA,1121
"576","COMMUNITY ACCESS JOB TRAINING (1222)",2015,1222,4,100,4,1,27,NA,136
"577","BEAUMONT CTE HIGH SCHOOL (1250)",2015,1250,4,398,7,0,33,NA,442
"578","CLEVELAND NJROTC ACADEMY (1440)",2015,1440,7,215,23,1,44,NA,290
"579","CARNAHAN SCH. OF THE FUTURE (1500)",2015,1500,2,369,18,2,23,NA,414
"580","COLLEGIATE SCHOOL OF MED/BIO (1510)",2015,1510,21,62,2,1,24,NA,110
"581","TRANSPORTATION AND LAW (1540)",2015,1540,1,357,0,1,5,NA,364
"582","THE COLLEGE PREPARATORY HIGH (1550)",2015,1550,0,287,1,1,1,NA,290
"583","METRO HIGH (1560)",2015,1560,35,152,8,1,139,NA,335
"584","MCKINLEY CLASS. LEADERSHIP AC. (1570)",2015,1570,38,251,19,3,224,NA,535
"585","ROOSEVELT HIGH (1680)",2015,1680,43,452,49,0,81,NA,625
"586","SOLDAN INTERNATIONAL STUDIES (1730)",2015,1730,38,479,16,1,20,NA,554
"587","SUMNER HIGH (1800)",2015,1800,0,433,3,0,4,NA,440
"588","VASHON HIGH (1830)",2015,1830,0,642,2,0,1,NA,645
"589","CENTRAL VISUAL/PERF. ARTS HIGH (1860)",2015,1860,4,324,13,3,52,NA,396
"590","YEATMAN-LIDDELL MIDDLE SCHOOL (2080)",2015,2080,0,356,0,0,2,NA,358
"591","BUSCH MS CHARACTER & ATHLETICS (3050)",2015,3050,15,163,31,1,139,NA,349
"592","CARR LANE VPA MIDDLE (3070)",2015,3070,1,522,10,3,21,NA,557
"593","FANNING MIDDLE COMMUNITY ED. (3140)",2015,3140,19,331,12,0,13,NA,375
"594","GATEWAY MIDDLE (3230)",2015,3230,28,503,11,1,16,NA,559
"595","LANGSTON MIDDLE (3240)",2015,3240,0,276,4,0,2,NA,282
"596","ACAD OF ENVT SCI/MATH MIDDLE (3250)",2015,3250,1,275,0,0,6,NA,282
"597","LONG MIDDLE COMMUNITY ED. CTR. (3260)",2015,3260,33,111,25,0,70,NA,239
"598","COMPTON-DREW ILC MIDDLE (3390)",2015,3390,6,412,27,5,46,NA,496
"599","STEVENS MIDDLE COMMUNITY ED. (3400)",2015,3400,0,0,0,0,0,NA,0
"600","ADAMS ELEM. (4000)",2015,4000,1,268,0,0,9,NA,278
"601","ASHLAND ELEM. AND BR. (4060)",2015,4060,0,329,0,0,0,NA,329
"602","BRYAN HILL ELEM. (4180)",2015,4180,0,181,0,0,3,NA,184
"603","BUDER ELEM. (4200)",2015,4200,5,102,21,2,195,NA,325
"604","AMES VISUAL/PERF. ARTS (4250)",2015,4250,0,341,3,0,1,NA,345
"605","CLAY ELEM. (4360)",2015,4360,1,160,0,0,3,NA,164
"606","COLE ELEM. (4400)",2015,4400,3,372,2,0,5,NA,382
"607","COLUMBIA ELEM. COMM. ED. CTR. (4420)",2015,4420,0,181,0,0,1,NA,182
"608","COTE BRILLIANTE ELEM. (4440)",2015,4440,0,231,0,0,4,NA,235
"609","DEWEY SCH.-INTERNAT'L. STUDIES (4470)",2015,4470,4,302,37,0,28,NA,371
"610","DUNBAR AND BR. (4480)",2015,4480,1,192,0,1,0,NA,194
"611","FARRAGUT ELEM. (4580)",2015,4580,0,164,0,0,0,NA,164
"612","FORD-FORD BR. ELEM. COMM. ED. (4630)",2015,4630,0,295,2,0,0,NA,297
"613","FROEBEL ELEM. (4660)",2015,4660,7,294,4,4,7,NA,316
"614","GATEWAY ELEM. (4730)",2015,4730,2,482,15,0,12,NA,511
"615","HAMILTON ELEM. COMMUNITY ED. (4780)",2015,4780,0,349,1,0,0,NA,350
"616","HENRY ELEM. (4880)",2015,4880,1,181,0,0,0,NA,182
"617","HICKEY ELEM. (4890)",2015,4890,0,194,0,0,2,NA,196
"618","HERZOG ELEM. (4900)",2015,4900,0,400,1,0,0,NA,401
"619","HODGEN ELEM. (4920)",2015,4920,4,257,2,1,5,NA,269
"620","HUMBOLDT ACAD OF HIGHER LRNING (4960)",2015,4960,2,292,3,0,18,NA,315
"621","ACAD OF ENVT SCI/MATH ELEM (4990)",2015,4990,0,324,2,0,2,NA,328
"622","JEFFERSON ELEM. (5020)",2015,5020,0,201,0,0,2,NA,203
"623","KENNARD/CLASSICAL JR. ACAD. (5030)",2015,5030,33,109,6,0,209,NA,357
"624","LACLEDE ELEM. (5060)",2015,5060,0,277,1,0,2,NA,280
"625","LEXINGTON ELEM. (5100)",2015,5100,0,337,0,0,2,NA,339
"626","LYON AT BLOW ELEM. (5180)",2015,5180,2,327,9,0,49,NA,387
"627","MALLINCKRODT A.B.I. ELEM. (5240)",2015,5240,8,93,8,0,132,NA,241
"628","MANN ELEM. (5260)",2015,5260,33,202,41,0,34,NA,310
"629","MASON ELEM. (5340)",2015,5340,10,208,55,0,141,NA,414
"630","MERAMEC ELEM. (5500)",2015,5500,8,201,8,0,15,NA,232
"631","ELIAS MICHAEL ELEM. (5520)",2015,5520,0,46,3,0,7,NA,56
"632","MONROE ELEM. (5560)",2015,5560,1,284,1,3,22,NA,311
"633","MULLANPHY BOTANICAL GARDENS (5590)",2015,5590,12,279,45,0,43,NA,379
"634","OAK HILL ELEM. (5600)",2015,5600,31,174,47,0,62,NA,314
"635","EARL NANCE SR. ELEM. (5610)",2015,5610,0,334,0,0,1,NA,335
"636","PEABODY ELEM. (5620)",2015,5620,0,225,1,0,0,NA,226
"637","SHAW VISUAL/PERF. ARTS CTR. (5780)",2015,5780,2,318,14,3,47,NA,384
"638","SHENANDOAH ELEM. (5800)",2015,5800,4,170,1,0,8,NA,183
"639","SIGEL ELEM. COMM. ED. CTR. (5860)",2015,5860,1,245,6,0,7,NA,259
"640","STIX EARLY CHILDHOOD CTR. (5930)",2015,5930,6,284,6,1,33,NA,330
"641","WALBRIDGE ELEM. COMMUNITY ED. (5960)",2015,5960,1,157,0,0,0,NA,158
"642","WOERNER ELEM. (5970)",2015,5970,37,107,38,0,200,NA,382
"643","WASHINGTON MONTESSORI (6010)",2015,6010,1,293,3,6,4,NA,307
"644","WILKINSON EARLY CHILDHOOD CTR. (6030)",2015,6030,1,112,6,1,57,NA,177
"645","WOODWARD ELEM. (6120)",2015,6120,16,248,32,0,62,NA,358
"646","CARDINAL GLENNON HOSPITAL (6280)",2015,6280,0,0,0,0,0,NA,0
"647","ST. LOUIS CHILDREN'S HOSPITAL (6340)",2015,6340,0,22,0,0,1,NA,23
"648","EXTERNAL LOCATION (9990)",2015,9990,0,0,0,0,0,NA,0
"649","VO. TECH. TUITION (9995)",2015,9995,0,0,0,0,0,NA,0
